{"cameraMode":{"drawMode":0,"name":"Shaded","section":"Shading Mode"},"sceneLighting":true,"audioPlay":false,"sceneViewState":{"showFog":true,"showMaterialUpdate":false,"showSkybox":true,"showFlares":true,"showImageEffects":true,"showParticleSystems":true},"in2DMode":false,"pivot":{"x":2.344820022583008,"y":0.5848817825317383,"z":3.00216007232666},"rotation":{"x":-0.08901231735944748,"y":0.7713081240653992,"z":-0.11066161096096039,"w":-0.6204148530960083},"size":7.314311981201172,"orthographic":true}