{"cameraMode":{"drawMode":0,"name":"Shaded","section":"Shading Mode"},"sceneLighting":false,"audioPlay":false,"sceneViewState":{"showFog":true,"showMaterialUpdate":false,"showSkybox":false,"showFlares":true,"showImageEffects":true,"showParticleSystems":true},"in2DMode":false,"pivot":{"x":0.008181631565093995,"y":0.48994117975234988,"z":0.0},"rotation":{"x":-0.22573061287403108,"y":-0.0709482729434967,"z":0.01648555137217045,"w":-0.9714630246162415},"size":2.275358200073242,"orthographic":false}