{"cameraMode":{"drawMode":0,"name":"Shaded","section":"Shading Mode"},"sceneLighting":true,"audioPlay":false,"sceneViewState":{"showFog":true,"showMaterialUpdate":false,"showSkybox":true,"showFlares":true,"showImageEffects":true,"showParticleSystems":true},"in2DMode":false,"pivot":{"x":5.999927520751953,"y":0.1999359130859375,"z":-59.8095703125},"rotation":{"x":-0.01429634727537632,"y":0.9776638150215149,"z":-0.07081840187311173,"w":-0.19736765325069428},"size":1334.9041748046875,"orthographic":false}